Group,Units,Hf,S,Cp300,Cp400,Cp500,Cp600,Cp800,Cp1000,Cp1500,Comment,,,,,,,,,,,
ACE/PAH,KCAL,25.6,6.14,5.76,7.17,8.2,8.94,9.89,10.52,11.28,STEIN and FAHR; J. PHYS. CHEM. 1985 89 17 3714.,,,,,,,,,,,
BCY/110C4,KCAL,67,68.36,-5.3,-5.43,-5.37,-5.26,-5.16,-4.87,-4.29,PM3 April '94,,,,,,,,,,,
BCY/210C5,KCAL,55.3,63.16,-7.25,-6.84,-6.27,-5.77,-5.17,-4.6,-3.6,PM3 April '94,,,,,,,,,,,
BCY/221C7,KCAL,16.2,51.27,-11.2,-9.67,-8.11,-6.82,-5.17,-3.99,-2.11,PM3 May '94,,,,,,,,,,,
BCY/222C8,KCAL,5.65,48.04,-11.82,-10.16,-8.4,-6.89,-4.87,-3.44,-1.2,PM3 May '94,,,,,,,,,,,
BCY/310C6,KCAL,32.7,60.08,-8.41,-7.76,-6.91,-6.13,-5.09,-4.24,-2.81,PM3 April '94,,,,,,,,,,,
BCY/311C7,KCAL,28.77,52.31,-10.48,-9.1,-7.67,-6.49,-4.96,-3.85,-2.05,PM3 May '94,,,,,,,,,,,
BCY/320C7,KCAL,20.7,55.08,-8.41,-7.76,-6.91,-6.13,-5.09,-4.24,-2.81,estimate jwb d99,,,,,,,,,,,
BCY/321C8,KCAL,6.55,46.5,-12.05,-10.33,-8.52,-7,-4.96,-3.53,-1.27,PM3 May '94,,,,,,,,,,,
BCY/322C9,KCAL,9.79,51.8,-12,-10.14,-8.19,-6.53,-4.26,-2.69,-0.21,PM3 May '94,,,,,,,,,,,
BCY/331C9,KCAL,10.28,44.17,-12.22,-10.31,-8.34,-6.65,-4.38,-2.8,-0.3,PM3 May '94,,,,,,,,,,,
BCY/410C7,KCAL,28.9,56.28,-8.82,-7.95,-6.9,-5.94,-4.63,-3.6,-1.89,PM3 April '94,,,,,,,,,,,
BCY/420C8,KCAL,31.08,48.77,-10.86,-9.4,-7.83,-6.48,-4.66,-3.35,-1.22,PM3 April '94,,,,,,,,,,,
BCY/430C9,KCAL,3.69,45.29,-12.09,-10.38,-8.49,-6.83,-4.57,-2.98,-0.44,PM3 April '94,,,,,,,,,,,
BCY/440C10,KCAL,-0.88,38.85,-13.34,-11.27,-9.04,-7.11,-4.44,-2.62,0.31,PM3 April '94,,,,,,,,,,,
BCY/510C8,KCAL,29.6,50.29,-10.14,-8.86,-7.45,-6.2,-4.48,-3.2,-1.1,PM3 April '94,,,,,,,,,,,
BCY/610C9,KCAL,31.1,0,0,0,0,0,0,0,,PM3 April '94,,,,,,,,,,,
BENZYNE,KCAL,22.48,27.87,-4.37,-5.91,-4.81,-6.33,-5.18,-4.63,-3.73,Nov-94,,,,,,,,,,,
BUT/CL/CL/CL,KCAL,-1.39,0,0,0,0,0,0,0,,Clphenols ab initio,,,,,,,,,,,
BUT/CL/CL/OH,KCAL,1.44,0,0,0,0,0,0,0,,Clphenols ab initio,,,,,,,,,,,
BUT/CL/OH/CL,KCAL,3,0,0,0,0,0,0,0,,Clphenols ab initio,,,,,,,,,,,
BUTTRESS,KCAL,0.42,-0.25,0.37,-0.28,-0.38,-0.38,-0.25,-0.05,0.54,"123 Tri me bz, Texas A&M, 7/26/90, Hf opt CH3s-Bz 1/31/91",,,,,,,,,,,
C./C/CB/H,KCAL,24.7,6.36,5.3,6.87,7.85,8.52,9.38,9.84,10.12,,,,,,,,,,,,
C./C/CD/H,KCAL,25.5,7.02,4.58,6.12,7.19,8,9.11,9.78,10.72,,,,,,,,,,,,
C./C/CL/H,KCAL,28.4,58.92,7.91,9.27,10.39,11.23,12.4,13.22,14.92,BOZZELLI/ RITTER (Cp400 & Cp600 FROM FIT),,,,,,,,,,,
C./C/CN/H,KCAL,56.8,40,9.1,11.4,13.1,14.4,16.3,17.4,19.07,BENSON: Cp1500 = Cp1000*(Cp1500/Cp1000: C./C/CD/H),,,,,,,,,,,
C./C/H2,KCAL,39.1,32.46,5.42,6.55,8.04,8.85,10.25,11.11,12.76,BOZZELLI/ RITTER (Cp400 & Cp600 FROM FIT),,,,,,,,,,,
C./C2/CB,KCAL,25.5,-15.46,4.72,5.48,6.2,6.65,7.09,7.1,6.94,,,,,,,,,,,,
C./C2/CD,KCAL,24.8,-15,4,4.73,5.64,6.09,6.82,7.04,7.54,,,,,,,,,,,,
C./C2/CN,KCAL,56.1,19.6,8.8,10.4,11.3,12.3,13.7,14.5,16.73,BENSON: Cp1500 = Cp1000*(Cp1500/Cp1000: C./C2/CD),,,,,,,,,,,
C./C2/H,KCAL,40.95,12.7,4.4,5.21,6.3,6.8,7.73,8.36,9.47,BOZZELLI/ RITTER (Cp400 & Cp600 FROM FIT),,,,,,,,,,,
C./C3,KCAL,38,-10.77,4.06,4.92,5.42,5.75,6.27,6.35,6.53,,,,,,,,,,,,
C./CB/H2,KCAL,23,26.85,6.49,7.84,9.1,9.98,11.34,12.42,14.14,,,,,,,,,,,,
C./CD/H2,KCAL,23.2,27.65,5.39,7.14,8.49,9.34,11.04,12.17,14.04,,,,,,,,,,,,
C./CN/H2,KCAL,58.2,58.5,10.66,12.82,14.48,15.89,18.08,19.8,22.84,BENSON: Cp1500 = Cp1000*(Cp1500/Cp1000: C./CD/H2),,,,,,,,,,,
C/.CO/H3,KCAL,-5.4,66.6,12.74,14.63,16.47,18.17,21.14,23.27,27.7,BENSON: Cp1500 = Cp1000*(Cp1500/Cp1000: C/C./H3),,,,,,,,,,,
C/C./C3,KCAL,1.5,-35.1,4.37,6.13,7.36,8.12,8.77,8.76,8.12,,,,,,,,,,,,
C/C./H3,KCAL,-10.08,30.41,6.19,7.84,9.4,10.79,13.02,14.77,17.58,,,,,,,,,,,,
C/C/.CO/H2,KCAL,-0.3,45.8,12.7,14.5,15.8,16.8,19.2,20.7,23.9,BENSON: Cp1500 = Cp1000*(Cp1500/Cp1000: C/C/C./H2),,,,,,,,,,,
C/C/C./H2,KCAL,-4.95,9.42,5.5,6.95,8.25,9.35,11.07,12.34,14.25,,,,,,,,,,,,
C/C/CB/CD/CT,KCAL,5.1,-34.88,3.99,7.36,8.89,9.58,9.76,9.16,7.25,C/C/CB/CD/CT = C/C2/CB/CD + { C/C3/CT - C/C4 },,,,,,,,,,,
C/C/CB/CD/H,KCAL,-1.56,-11.77,4.5,6.57,8.07,8.89,9.88,10.39,10.79,C/C/CB/CD/H = C/C2/CD/H + { C/C2/CB/H - C/C3/H },,,,,,,,,,,
C/C/CB/CT/H,KCAL,-1.55,-11.65,4.33,6.27,7.58,8.48,9.52,10.1,10.63,C/C/CB/CT/H = C/C2/CB/H + { C/C2/CT/H - C/C3/H },,,,,,,,,,,
C/C/CB/CT2,KCAL,6.23,-35.34,4.37,8.11,9.55,10.1,10.03,9.36,6.65,C/C/CB/CT2 = C/C2/CB/CT + { C/C3/CT - C/C4 },,,,,,,,,,,
C/C/CB/H2,KCAL,-4.86,9.34,5.84,7.61,8.98,10.01,11.49,12.54,13.76,,,,,,,,,,,,
C/C/CB2/CD,KCAL,5.1,-34.88,3.99,7.36,8.89,9.58,9.76,9.16,7.25,C/C/CB2/CD = C/C2/CB2 + { C/C3/CD - C/C4 },,,,,,,,,,,
C/C/CB2/CT,KCAL,6.43,-35.34,4.37,8.11,9.55,10.1,10.03,9.36,6.65,C/C/CB2/CT = C/C2/CB2 + { C/C3/CT - C/C4 },,,,,,,,,,,
C/C/CB2/H,KCAL,-1.06,-12.23,5.22,7.32,8.63,8.45,10.15,10.45,10.19,C/C/CB2/H = C/C2/CB/H + { C/C2/CB/H - C/C3/H },,,,,,,,,,,
C/C/CB3,KCAL,6.23,-35.34,4.37,8.11,9.55,10.1,10.03,9.36,6.65,C/C/CB3 = C/C2/CB2 + { C/C3/CB - C/C4 },,,,,,,,,,,
C/C/CD/CO/H,KCAL,-2.53,-11.31,3.78,5.85,7.51,8.3,9.61,10.33,11.39,HJC -Hf and S est-  C/C/CD2/H = Cp's,,,,,,,,,,,
C/C/CD/CT/H,KCAL,-2.36,-11.19,3.61,5.52,7.02,7.92,9.25,9.9,11.23,C/C/CD/CT/H = C/C2/CD/H + { C/C2/CT/H - C/C3/H },,,,,,,,,,,
C/C/CD/CT2,KCAL,5.1,-34.88,3.99,7.36,8.89,9.58,9.76,9.16,7.25,C/C/CD/CT2 = C/C2/CD2 + { C/C3/CT - C/C4 },,,,,,,,,,,
C/C/CD/H/O,KCAL,-6,-11.1,4.47,6.82,8.45,9.17,10.24,10.8,11.02,Bozzelli,,,,,,,,,,,
C/C/CD/H/OO,KCAL,-3.53,-16.44,3.68,5.87,7.72,8.59,10.12,10.5,,HJC 4/26/96,,,,,,,,,,,
C/C/CD/H2,KCAL,-4.97,9.55,5,6.54,7.91,9.06,10.86,12.19,14.11,SMB optimisation,,,,,,,,,,,
C/C/CD2/H,KCAL,-2.31,-11.31,3.78,5.85,7.51,8.3,9.61,10.33,11.39,REID PRAUSNITZ & SHERWOOD,,,,,,,,,,,
C/C/CD3,KCAL,2.54,-33.96,3.32,5.86,7.57,8.54,9.22,9.36,8.45,C/C/CD3 = C/C2/CD2 + { C/C3/CD - C/C4 },,,,,,,,,,,
C/C/CL/H/OX,KCAL,-35.7,52.83,17.92,20.82,23.09,24.76,26.93,28.15,,,,,,,,,,,,,
C/C/CN/H2,KCAL,22.5,40.2,11.1,13.4,15.5,17.2,19.7,21.3,24.56,BENSON: Cp1500 = Cp1000*(Cp1500/Cp1000: C/C2/H2),,,,,,,,,,,
C/C/CO/H/O,KCAL,-6,-11.1,4.47,6.82,8.45,9.17,10.24,10.8,11.02,Bozzelli,,,,,,,,,,,
C/C/CO/H/OO,KCAL,-4.13,-12.86,4.29,6.69,8.39,9.21,10.62,10.97,,HJC 4/7/98,,,,,,,,,,,
C/C/CO/H2,KCAL,-5.41,9.02,5.62,6.89,8.01,9.35,10.99,12.19,,SMB optimisation,,,,,,,,,,,
C/C/CO/O/OO,KCAL,-13.8,-42.02,3.75,6.69,8.3,9.47,9.27,9.25,,WJP 6/5/2013 = C/C/CO/H/OO - C/C2/H/OO + C/C2/O/OO,,,,,,,,,,,
C/C/CO2./H2,KCAL,-41.9,49.8,15.5,18.5,20.3,22.3,27.5,27.2,31.41,BENSON: Cp1500 = Cp1000*(Cp1500/Cp1000: C/C/C./H2),,,,,,,,,,,
C/C/CT/H2,KCAL,-4.73,10.3,4.95,6.56,7.93,9.08,10.86,12.19,14.2,,,,,,,,,,,,
C/C/CT2/H,KCAL,-2.54,-10.69,3.44,5.22,6.53,7.51,8.89,9.75,11.07,C/C/CT2/H = C/C2/CT/H + { C/C2/CT/H - C/C3/H },,,,,,,,,,,
C/C/CT3,KCAL,6.23,-35.34,4.37,8.11,9.55,10.1,10.03,9.36,6.65,C/C/CT3 = C/C2/CT2 + { C/C3/CT - C/C4 },,,,,,,,,,,
C/C/H/N/O,KCAL,-7.2,-11,4.8,6.64,8.1,8.73,9.81,10.4,11.51,Bsn: Cp1500 = Cp1000*(Cp1500/Cp1000: C/C2/CD/H),,,,,,,,,,,
C/C/H/N/OO,KCAL,-6.08,-11.96,4.21,5.85,7.15,8.1,9.38,10.1,,,,,,,,,,,,,
C/C/H/O/OO,KCAL,-16.08,-20.6,4.24,5.77,7.31,9.21,9.24,9.33,,SMB optimisation,,,,,,,,,,,
C/C/H/O2,KCAL,-16,-12.07,5.25,7.1,8.81,9.55,10.31,11.05,,Benson Hf Bozzelli C/C3/H - C/C2/O/H,,,,,,,,,,,
C/C/H2/N,KCAL,-6.6,9.8,5.25,6.9,8.28,9.39,11.09,12.34,14.28,BENSON: Cp1500 same as C/C2/H2  (estimate),,,,,,,,,,,
C/C/H2/N.,KCAL,-6.6,9.8,5.25,6.9,8.28,9.39,11.09,12.34,14.25,BENSON: Cp1500 = Cp1000*(Cp1500/Cp1000: C/C/C./H2),,,,,,,,,,,
C/C/H2/NA,KCAL,-5.5,9.42,5.5,6.95,8.25,9.35,11.07,12.34,14.25,,,,,,,,,,,,
C/C/H2/NO,KCAL,-15.1,48.4,12.59,15.82,18.52,20.66,23.79,25.9,29.8,jwb est - redo,,,,,,,,,,,
C/C/H2/NO2,KCAL,-15.1,48.98,12.76,15.74,18.26,20.27,23.29,26.33,,LAY'9405,,,,,,,,,,,
C/C/H2/O,KCAL,-8.02,9.15,4.55,6.6,8.3,9.53,10.91,11.95,12.67,SMB optimisation,,,,,,,,,,,
C/C/H2/OO,KCAL,-8.02,6.62,3.85,4.84,6.52,7.45,9.28,10.65,,SMB optimisation,,,,,,,,,,,
C/C/H2/OX,KCAL,-28.2,45.92,14.47,17.31,19.73,21.61,24.25,25.91,,,,,,,,,,,,,
C/C/H2/S.,KCAL,32.4,39,9,10.6,12.4,13.6,15.8,17.4,20.09,BENSON: Cp1500 = Cp1000*(Cp1500/Cp1000: C/C/C./H2),,,,,,,,,,,
C/C/H3,KCAL,-10.01,30.29,6.22,7.74,9.24,10.62,12.84,14.59,17.35,SMB optimisation,,,,,,,,,,,
C/C/O./H2,KCAL,6.1,36.4,7.9,9.8,10.8,12.8,15,16.4,18.94,BENSON: Cp1500 = Cp1000*(Cp1500/Cp1000: C/C/C./H2),,,,,,,,,,,
C/C/O3,KCAL,-19,-33.56,4.33,6.19,7.25,7.7,8.2,8.24,,Bozzelli est,,,,,,,,,,,
C/C2/.CO/H,KCAL,2.6,23.7,11.5,12.8,14.3,15.5,17.4,18.5,20.56,BENSON: Cp1500 = Cp1000*(Cp1500/Cp1000: C/C2/C./H),,,,,,,,,,,
C/C2/C./H,KCAL,-1.9,-12.07,4.54,6,7.17,8.05,9.31,10.05,11.17,,,,,,,,,,,,
C/C2/CB/CD,KCAL,2.99,-34.8,3.99,6.7,8.16,8.92,9.34,9.16,7.74,C/C2/CB/CD = C/C3/CB + { C/C3/CD - C/C4 },,,,,,,,,,,
C/C2/CB/CT,KCAL,1.16,-35.26,3.57,5.98,7.51,8.37,9,9.02,8.34,C/C2/CB/CT = C/C3/CB + { C/C3/CT - C/C4 },,,,,,,,,,,
C/C2/CB/H,KCAL,-0.98,-12.15,4.88,6.66,7.9,8.75,9.73,10.25,10.68,,,,,,,,,,,,
C/C2/CB2,KCAL,1.16,-35.26,3.57,5.98,7.51,8.37,9,9.02,8.34,,,,,,,,,,,,
C/C2/CD/CT,KCAL,2.99,-34.8,3.99,6.7,8.16,8.92,9.34,9.16,7.74,C/C2/CD/CT = C/C3/CD + { C/C3/CT - C/C4 },,,,,,,,,,,
C/C2/CD/H,KCAL,-2.85,-11.69,4.16,5.91,7.34,8.19,9.46,10.19,11.28,SMB optimisation,,,,,,,,,,,
C/C2/CD2,KCAL,1.61,-34.34,3.61,5.98,7.51,8.37,9,9.02,8.34,REID PRAUSNITZ & SHERWOOD,,,,,,,,,,,
C/C2/CN/H,KCAL,25.8,19.8,11,12.7,14.1,15.4,17.3,18.6,20.67,BENSON: Cp1500 = Cp1000*(Cp1500/Cp1000: C/C3/H),,,,,,,,,,,
C/C2/CO/H,KCAL,-2.73,-11.54,4.99,6.18,7.15,7.85,8.73,9.33,,Sumathi et al. PCCP 5:3402--3417 2003.,,,,,,,,,,,
C/C2/CO/O,KCAL,-3.6,-34.72,3.99,6.04,7.43,8.26,8.92,8.96,8.23,Hf Bsn SCp's = C/Cd/C3 boz,,,,,,,,,,,
C/C2/CO2./H,KCAL,-39,-12.1,4.5,6,7.2,8,9.3,10.1,11.2,,,,,,,,,,,,
C/C2/CT/H,KCAL,-1.72,-11.19,3.99,5.61,6.85,7.78,9.1,9.9,11.12,stein,,,,,,,,,,,
C/C2/CT2,KCAL,1.16,-35.26,3.57,5.98,7.51,8.37,9,9.02,8.34,C/C2/CT2 = C/C3/CT + { C/C3/CT - C/C4 },,,,,,,,,,,
C/C2/H/N,KCAL,-5.2,-11.7,4.67,6.32,7.64,8.39,9.56,10.23,11.37,BENSON: Cp1500 = Cp1000*(Cp1500/Cp1000: C/C3/H),,,,,,,,,,,
C/C2/H/N.,KCAL,-5.2,-11.7,4.67,6.32,7.64,8.39,9.56,10.23,11.37,BENSON: Cp1500 = Cp1000*(Cp1500/Cp1000: C/C2/C./H),,,,,,,,,,,
C/C2/H/NA,KCAL,-3.3,-12.07,4.54,6,7.17,8.05,9.31,10.05,11.17,,,,,,,,,,,,
C/C2/H/NO,KCAL,-15.8,26.9,11.99,15.21,17.72,19.61,22.18,23.7,26.24,jwb  est redo,,,,,,,,,,,
C/C2/H/NO2,KCAL,-15.8,26.85,12.37,15.35,17.71,19.45,21.73,23.23,,LAY'9405,,,,,,,,,,,
C/C2/H/O,KCAL,-7.04,-12.57,4.61,6.69,8.13,8.93,9.44,9.66,9.1,SMB optimisation,,,,,,,,,,,
C/C2/H/OO,KCAL,-7.03,-15.46,4.43,5.32,6.63,7.23,7.94,8.47,,SMB optimisation,,,,,,,,,,,
C/C2/H/OX,KCAL,-27.03,24.13,14.08,16.9,19.16,20.75,21.76,23.8,,,,,,,,,,,,,
C/C2/H/S.,KCAL,35.5,17.8,8.5,10,11.6,12.3,13.8,14.6,16.23,BENSON: Cp1500 = Cp1000*(Cp1500/Cp1000: C/C2/C./H),,,,,,,,,,,
C/C2/H2,KCAL,-5,9.65,5.59,7.08,8.43,9.53,11.23,12.48,14.34,SMB optimisation,,,,,,,,,,,
C/C2/N/OO,KCAL,-5.58,-35.11,4.02,5.6,6.6,7.15,7.68,7.74,,jwb  temp,,,,,,,,,,,
C/C2/O./H,KCAL,7.8,14.7,7.7,9.5,10.6,12.1,13.7,14.5,16.12,BENSON: Cp1500 = Cp1000*(Cp1500/Cp1000: C/C2/C./H),,,,,,,,,,,
C/C2/O/OO,KCAL,-16.36,-45.05,3.61,5.08,6.47,7.16,6.61,6.52,,SMB optimisation,,,,,,,,,,,
C/C2/O2,KCAL,-14.13,-33.56,4.33,6.19,7.25,7.7,8.2,8.24,,Bozzelli Hf Pedley,,,,,,,,,,,
C/C3/CB,KCAL,2.81,-35.18,4.37,6.79,8.09,8.78,9.19,8.96,7.63,,,,,,,,,,,,
C/C3/CD,KCAL,2.83,-34.72,3.99,6.04,7.43,8.26,8.92,8.96,8.23,SMB optimisation,,,,,,,,,,,
C/C3/CN,KCAL,29,-2.8,8.65,11.16,12.89,14.05,15.51,16.19,14.87,RPS:  Cp1500 = Cp1000*(Cp1500/Cp1000: C/C3/CD),,,,,,,,,,,
C/C3/CO,KCAL,-1.48,-33.33,3.81,5.13,5.99,6.5,6.87,7.05,,Sumathi et al. PCCP 5:3402--3417 2003.,,,,,,,,,,,
C/C3/CT,KCAL,2.81,-35.18,4.37,6.79,8.09,8.78,9.19,8.96,7.63,,,,,,,,,,,,
C/C3/H,KCAL,-2.09,-11.48,4.93,6.8,8.03,8.73,9.72,10.27,,SMB optimisation !Modified by JB based on SS method calculations on IC4H10 and TC4H9,,,,,,,,,,,
C/C3/N,KCAL,-3.2,-34.1,4.35,6.16,7.31,7.91,8.49,8.5,7.88,BENSON: Cp1500 = Cp1000*(Cp1500/Cp1000: C/C4),,,,,,,,,,,
C/C3/N.,KCAL,-3.2,34.1,4.35,6.16,7.31,7.91,8.49,8.5,7.88,BENSON: Cp1500 = Cp1000*(Cp1500/Cp1000: C/C3/C.),,,,,,,,,,,
C/C3/NA,KCAL,-1.9,-35.1,4.37,6.13,7.36,8.12,8.77,8.76,8.12,,,,,,,,,,,,
C/C3/NO,KCAL,-10.8,5.9,11.99,15.21,17.72,19.61,22.18,23.7,26.24,jwb est -- needs redo,,,,,,,,,,,
C/C3/NO2,KCAL,-12.7,3.96,12.8,15.47,16.96,18.58,20.09,20.81,,LAY'9405 PM3,,,,,,,,,,,
C/C3/O,KCAL,-6.6,-33.56,4.33,6.19,7.25,7.7,8.2,8.24,7.83,SMB optimisation,,,,,,,,,,,
C/C3/O.,KCAL,8.6,-7.5,7.2,9.1,9.8,11.1,12.1,12.3,11.4,BENSON: Cp1500 = Cp1000*(Cp1500/Cp1000: C/C3/C.),,,,,,,,,,,
C/C3/OO,KCAL,-8.45,-38.72,3.59,4.67,5.77,5.81,6.12,6.16,,Hf -1.23 to -5.23 1/16/94 jwb  temp !Modified by JB based on SS method calculations on TC4H9 and TC4H9OO,,,,,,,,,,,
C/C3/OX,KCAL,-26.34,1.63,14.03,16.74,18.67,19.86,21.13,21.63,,,,,,,,,,,,,
C/C3/S.,KCAL,37.5,-5.3,8.2,9.8,11.3,11.8,12.2,12.3,11.4,BENSON: Cp1500 = Cp1000*(Cp1500/Cp1000: C/C3/C.),,,,,,,,,,,
C/C4,KCAL,0.1,-34.99,4.01,5.62,7.08,8.42,10.67,11.43,16.86,SMB optimisation,,,,,,,,,,,
C/CB/C/H/O,KCAL,-6,-11.1,4.47,6.82,8.45,9.17,10.24,10.8,11.02,Boz = c/cd/c/h/o  jul 91,,,,,,,,,,,
C/CB/C2/O,KCAL,-6.6,-32.56,4.63,6.79,7.95,8.4,8.8,8.44,,Bozzelli c/c3/o - (c/c3/h - c/cb/c2/h) Hf-1,,,,,,,,,,,
C/CB/CD/H2,KCAL,-4.29,2,4.51,6.76,8.61,10.01,11.97,13.4,15.47,Hf stein scp(T) = mopac nov99,,,,,,,,,,,
C/CB/CD2/CT,KCAL,5.48,-34.5,3.61,7.3,8.97,9.69,9.84,9.42,7.36,C/CB/CD2/CT = C/C/CB/CD2 + { C/C3/CT - C/C4 },,,,,,,,,,,
C/CB/CD2/H,KCAL,-1.39,-11.39,4.12,6.51,8.24,9,10.03,10.53,10.89,C/CB/CD2/H = C/C/CD2/H + { C/C2/CB/H - C/C3/H },,,,,,,,,,,
C/CB/CT/H2,KCAL,-4.29,9.84,4.28,6.43,8.16,9.5,11.36,12.74,13.7,Hf stein scp(T) = mopac nov99,,,,,,,,,,,
C/CB/CT/H2,KCAL,-5.66,10.22,5.29,7.22,8.66,9.74,11.28,12.39,13.71,C/CB/CT/H2 = C/C/CB/H2 + { C/C/CT/H2 - C/C2/H2 },,,,,,,,,,,
C/CB/H3,KCAL,-10.01,30.29,6.22,7.74,9.24,10.62,12.84,14.59,17.35,,,,,,,,,,,,
C/CB2/CD2,KCAL,5.48,-34.5,3.61,7.3,8.97,9.69,9.84,9.42,7.36,C/CB2/CD2 = C/C/CB2/CD + { C/C3/CD - C/C4 },,,,,,,,,,,
C/CB2/H2,KCAL,-4.29,8.07,5.67,7.7,9.31,10.52,12.21,13.47,15.11,hf=bsn/c/cd2/h2/ scp(T) = mopac nov99,,,,,,,,,,,
C/CB2/H2,KCAL,-6.3,9.26,6.18,8.27,9.71,10.67,11.91,12.74,13.27,Hf new from Dr. Bozzelli 8/29/94,,,,,,,,,,,
C/CB2/H2,KCAL,-5.54,9.26,6.18,8.27,9.71,10.67,11.91,12.74,13.27,C/CB2/H2 = C/C/CB/H2 + { C/C/CB/H2 - C/C2/H2 },,,,,,,,,,,
C/CB3/H,KCAL,-0.34,-12.31,5.56,7.98,9.36,10.15,10.57,10.65,9.7,C/CB3/H = C/C/CB2/H + { C/C2/CB/H - C/C3/H },,,,,,,,,,,
C/CD/C/H/O,KCAL,-6,-11.1,4.47,6.82,8.45,9.17,10.24,10.8,11.02,Bozzelli,,,,,,,,,,,
C/CD/C2/O,KCAL,-6.6,-32.56,4.63,6.79,7.95,8.4,8.8,8.44,,Bozzelli c/c3/o - (c/c3/h - c/cb/c2/h) Hf-1,,,,,,,,,,,
C/CD/CO/H/OO,KCAL,0.13,-14.27,2.87,5.11,6.72,7.49,10.87,11.16,,HJC 1/19/99,,,,,,,,,,,
C/CD/CO/H2,KCAL,-3.8,10.2,4.7,6.8,8.4,9.6,11.3,12.6,14.4,Bsn Hf C/CD2/H2 = S Cp's,,,,,,,,,,,
C/CD/CT/H2,KCAL,-4.29,7.37,3.52,5.86,7.78,9.27,11.31,12.81,14.13,Hf=bsn c/cd2/h2 scp(T) = mopac nov99,,,,,,,,,,,
C/CD/CT/H2,KCAL,-4.26,10.7,4.53,6.47,8,9.27,11.01,12.33,14.31,C/CD/CT/H2 = C/C/CD/H2 + { C/C/CD/H2 - C/C2/H2 },,,,,,,,,,,
C/CD/H2/O,KCAL,-6.76,9.8,5.12,6.86,8.32,9.49,11.22,12.48,14.4,Bozzelli /Hf pedley c*ccoh  C/C/CD/H2),,,,,,,,,,,
C/CD/H2/OO,KCAL,-4.7,9.1,5.1,6.88,8.32,9.5,11.18,12.48,,,,,,,,,,,,,
C/CD/H3,KCAL,-10.01,30.29,6.22,7.74,9.24,10.62,12.84,14.59,17.35,SMB optimisation,,,,,,,,,,,
C/CD2/CT2,KCAL,5.48,-34.5,3.61,7.3,8.97,9.69,9.84,9.42,7.36,C/CD2/CT2 = C/C/CD/CT2 + { C/C3/CD - C/C4 },,,,,,,,,,,
C/CD2/H/O,KCAL,-6.67,-10.42,4.21,6.6,8.26,9.05,10.23,10.86,11.04,Bozzelli,,,,,,,,,,,
C/CD2/H2,KCAL,-4.76,9.8,5.12,6.86,8.32,9.49,11.22,12.48,14.36,SMB optimisation S,,,,,,,,,,,
C/CD3/H,KCAL,-2.14,-10.93,3.4,5.76,7.68,8.44,9.76,10.47,11.5,C/CD3/H = C/C/CD2/H + { C/C2/CD/H - C/C3/H },,,,,,,,,,,
C/CO/CO/H2,KCAL,-7.6,5.82,5.03,7.44,9.16,10.49,12.17,13.57,,Bsn Hf Mopac = S Cp's  nov 99,,,,,,,,,,,
C/CO/H/O/OO,KCAL,-5.28,-10.75,3.93,6.29,8.06,8.92,10.28,10.69,,HJC 4/7/98,,,,,,,,,,,
C/CO/H/O2,KCAL,-12.22,-9.81,4.52,6.58,7.96,8.78,9.53,10.15,,HJC 4/26/96,,,,,,,,,,,
C/CO/H2/O,KCAL,-6.5,9.6,6.2,7.7,8.7,9.5,11.1,12.2,14.07,Boz hf = c/cd/h2/o Bsn  S Cp = c/c/co/h2,,,,,,,,,,,
C/CO/H2/O,KCAL,-6.76,9.8,5.12,6.86,8.32,9.49,11.22,12.48,14.4,Bozzelli /Hf c/cd/h2/o   C/C/CD/H2),,,,,,,,,,,
C/CO/H2/OO,KCAL,-4.77,9.31,4.81,7.35,9.3,10.42,12.32,13.16,,HJC 4/7/98,,,,,,,,,,,
C/CO/H3,KCAL,-10.31,30.8,6.47,8.03,9.48,10.59,12.68,14.26,,SMB Optimisation,,,,,,,,,,,
C/CO2./H3,KCAL,-47.5,71.4,14.4,17.8,20.4,23.1,27.1,29.6,35.23,BENSON: Cp1500 = Cp1000*(Cp1500/Cp1000: C/C./H3),,,,,,,,,,,
C/CT/H2/O,KCAL,-6.76,9.8,5.12,6.86,8.32,9.49,11.22,12.48,14.4,Bozzelli assigned c/cd/h2/o,,,,,,,,,,,
C/CT/H2/OO,KCAL,-9.06,9.15,4.07,6.03,7.66,9.01,10.92,12.38,,,,,,,,,,,,,
C/CT/H3,KCAL,-10.01,30.29,6.22,7.74,9.24,10.62,12.84,14.59,17.35,,,,,,,,,,,,
C/CT2/H2,KCAL,-4.29,8.66,2.57,4.92,6.83,8.34,10.41,11.95,12.25,hf=bsn  scp(T) - mopac nov99,,,,,,,,,,,
C/CT2/H2,KCAL,-9.8,8.67,2.54,4.93,6.73,8.34,10.55,11.95,12.25,Hf Luo S Cp = mopac / pm3,,,,,,,,,,,
C/CT2/H2,KCAL,-5.53,11.18,4.4,6.17,7.61,8.81,10.65,12.04,14.15,C/CT2/H2 = C/C/CT/H2 + { C/C/CT/H2 - C/C2/H2 },,,,,,,,,,,
C/H/O2/OO,KCAL,-21.23,-11.98,3.91,5.56,6.94,7.81,9.59,10.55,,CUR/GLA 99 Based on C/H/O3,,,,,,,,,,,
C/H/O3,KCAL,-21.23,-12.07,4.54,6,7.17,8.05,9.31,10.05,,Bozzelli del C/C2/O - C/C3/O series,,,,,,,,,,,
C/H2/N/O,KCAL,-9.8,9.8,4.99,6.85,8.3,9.43,11.11,12.33,,hf = c/c/h2/n - del(c/c2/h2/-c/c/h2/o) s cp c/c/h2/o,,,,,,,,,,,
C/H2/O/OO,KCAL,-13.99,6.64,3.52,5.43,7.47,8.79,10.3,11.71,27.98,7 SMB/UB OPT 11/2/14 !C/H2/O/OO     -14.58   9.40   4.29   6.55   9.06  10.42  12.25  13.29         HJC 20/01/11,,,,,,,,,,,
C/H2/O2,KCAL,-16.5,8.12,5.5,6.95,8.25,9.35,11.07,12.34,,Curran 3/26/99 Based on S&P for hoch2oh,,,,,,,,,,,
C/H3/N,KCAL,-10.08,30.41,6.19,7.84,9.4,10.79,13.02,14.77,17.58,,,,,,,,,,,,
C/H3/NA,KCAL,-10.08,30.41,6.19,7.84,9.4,10.79,13.02,14.77,17.58,,,,,,,,,,,,
C/H3/NO,KCAL,-15.1,68.4,12.59,15.82,18.52,20.66,23.79,25.9,29.8,jwb - qk est re-do,,,,,,,,,,,
C/H3/NO2,KCAL,-15.1,68.4,12.59,15.82,18.52,20.66,23.79,25.9,29.8,jwb - qk est re-do,,,,,,,,,,,
C/H3/O,KCAL,-10,30.41,6.19,7.84,9.4,10.79,13.03,14.77,17.58,Benson,,,,,,,,,,,
C/H3/OO,KCAL,-8.3,30.3,6.19,7.84,9.4,10.79,13.03,14.77,17.58,SMB optimisation,,,,,,,,,,,
C/O4,KCAL,-23,-35.56,4.33,6.13,7.25,7.7,8.2,8.24,,Bozzelli est,,,,,,,,,,,
C2/H,KCAL,56.4,12.86,5.14,7.08,7,9.84,10.68,11,,JPS jul 1995,,,,,,,,,,,
CA,KCAL,34.2,6,3.9,4.4,4.7,5,5.3,5.5,5.7,STEIN and FAHR; J. PHYS. CHEM. 1985 89 17 3714.,,,,,,,,,,,
CB/.,KCAL,64.68,10.23,2.58,3.08,3.54,3.87,4.33,4.61,4.97,STEIN & FAHR JPC 89 17 1985: Hf:W.TSANG,,,,,,,,,,,
CB/C,KCAL,5.51,-7.69,2.67,3.14,3.68,4.15,4.96,5.44,5.98,,,,,,,,,,,,
CB/C.,KCAL,5.51,-7.46,2.67,3.14,3.68,4.15,4.96,5.44,5.98,,,,,,,,,,,,
CB/CB,KCAL,4.96,-8.64,3.33,4.22,4.89,5.27,5.76,5.95,6.05,,,,,,,,,,,,
CB/CD,KCAL,5.69,-7.8,3.59,3.97,4.38,4.72,5.28,5.61,5.75,STEIN and FAHR; J. PHYS. CHEM. 1985 89 17 3714.,,,,,,,,,,,
CB/CN,KCAL,35.8,20.5,9.8,11.2,12.3,13.1,14.2,14.9,15.27,BENSON: Cp1500 = Cp1000*(Cp1500/Cp1000: CB/CD),,,,,,,,,,,
CB/CO,KCAL,3.69,-7.8,3.59,3.97,4.38,4.72,5.28,5.61,5.75,STEIN and FAHR; J. PHYS. CHEM. 1985 89 17 3714.,,,,,,,,,,,
CB/CT,KCAL,5.69,-7.8,3.59,3.97,4.38,4.72,5.28,5.61,5.75,STEIN and FAHR; J. PHYS. CHEM. 1985 89 17 3714.,,,,,,,,,,,
CB/H,KCAL,3.3,11.53,3.24,4.44,5.46,6.3,7.54,8.41,9.73,,,,,,,,,,,,
CB/N,KCAL,-0.5,-9.69,3.95,5.21,5.94,6.32,6.53,6.56,7.21,BENSON: Cp1500 = Cp1000*(Cp1500/Cp1000: CB/C),,,,,,,,,,,
CB/N.,KCAL,-0.5,-9.69,3.95,5.21,5.94,6.32,6.53,6.56,7.21,BENSON: Cp1500 = Cp1000*(Cp1500/Cp1000: CB/C.),,,,,,,,,,,
CB/NO,KCAL,31.5,20.6,10.3,11.3,12.3,13.1,14.2,14.9,15.27,Golden ijck 1975 + cb/cn,,,,,,,,,,,
CB/NO2,KCAL,4.32,24.39,12.26,14.18,15.58,16.66,18.25,19.24,20.56,ASSIGNED BY LAY'9405 FROM CD/C/NO2,,,,,,,,,,,
CB/O,KCAL,-0.9,-10.2,3.9,5.3,6.2,6.6,6.9,6.9,7.07,Bsn  Cp1500 = Cp1000*(Cp1500/Cp1000: CB/CD),,,,,,,,,,,
CB5/H5,KCAL,16.5,57.65,16.2,22.2,27.3,31.5,37.7,42.05,48.65,5 cb/h groups,,,,,,,,,,,
CBF/CB/CBF2,KCAL,3.7,-5,3.68,3.68,4.2,4.61,5.2,5.7,6.2,STEIN and FAHR; J. PHYS. CHEM. 1985 89 17 3714.,,,,,,,,,,,
CBF/CB2/CBF,KCAL,4.8,-5,3.68,3.68,4.2,4.61,5.2,5.7,6.2,STEIN and FAHR; J. PHYS. CHEM. 1985 89 17 3714.,,,,,,,,,,,
CBF/CBF3,KCAL,1.5,1.8,2,3.11,3.9,3.44,4.7,5.3,5.7,STEIN and FAHR; J. PHYS. CHEM. 1985 89 17 3714.,,,,,,,,,,,
CD/C./H,KCAL,8.59,7.97,4.16,5.03,5.81,6.5,7.65,8.45,9.62,,,,,,,,,,,,
CD/C/C.,KCAL,10.34,-12.3,4.1,4.71,5.09,5.36,5.9,6.18,6.4,,,,,,,,,,,,
CD/C/CB,KCAL,8.64,-14.6,4.4,5.37,5.93,6.18,6.5,6.62,6.72,,,,,,,,,,,,
CD/C/CD,KCAL,8.88,-14.6,4.4,5.37,5.93,6.18,6.5,6.62,6.72,,,,,,,,,,,,
CD/C/CN,KCAL,39.15,15.91,9.74,11.28,12.48,13.26,14.45,14.93,15.15,RPS:  Cp1500 = Cp1000*(Cp1500/Cp1000: CD/C/CD),,,,,,,,,,,
CD/C/CO,KCAL,7.5,-14.6,4.4,5.37,5.93,6.18,6.5,6.62,6.72,Bsn Hf cd/c/cd = s cp's,,,,,,,,,,,
CD/C/CT,KCAL,8.53,-14.6,4.4,5.37,5.93,6.18,6.5,6.62,6.72,,,,,,,,,,,,
CD/C/H,KCAL,8.65,7.83,4.31,5.22,6.03,6.74,7.87,8.67,9.87,SMB optimisation,,,,,,,,,,,
CD/C/NO2,KCAL,4.32,24.39,12.26,14.18,15.58,16.66,18.25,19.24,20.56,HF ADJUST FROM VIN-NO2 S&CP : LAY'9405,,,,,,,,,,,
CD/C/O,KCAL,6.9,-14.6,4.4,5.37,5.93,6.18,6.5,6.62,6.72,Hf Simmie/Curran 09 Zhu Chen Bozzelli J. Phys. Chem 2000,,,,,,,,,,,
CD/C/OO,KCAL,-0.41,-15.31,3.97,5.57,6.46,6.84,7.01,6.96,,HJC  4/27/96,,,,,,,,,,,
CD/C2,KCAL,9.66,-12.27,3.43,4.38,5.07,5.5,6.06,6.36,6.66,SMB optimisation,,,,,,,,,,,
CD/CB/CD,KCAL,7.18,-16.5,4.7,6.13,6.87,7.1,7.2,7.16,7.06,CD/CB/CD = CD/C/CB + { CD/C/CD - CD/C2 },,,,,,,,,,,
CD/CB/CT,KCAL,6.7,-17.04,2.22,3.14,4.54,4.11,5.06,5.79,6.71,Hf = est S Cp(T) mopac nov99,,,,,,,,,,,
CD/CB/H,KCAL,6.78,6.38,4.46,5.79,6.75,7.42,8.35,9.11,10.09,,,,,,,,,,,,
CD/CB2,KCAL,8,-16.5,4.7,6.13,6.87,7.1,7.2,7.16,7.06,CD/CB2 = CD/C/CB + { CD/C/CB - CD/C2 },,,,,,,,,,,
CD/CD/CB,KCAL,8,-16.5,4.7,6.13,6.87,7.1,7.2,7.16,7.06,Hf est by Luo S&Cp similar,,,,,,,,,,,
CD/CD/CT,KCAL,4.6,-13.92,2.07,2.64,3.93,3.54,4.65,5.38,6.45,hf=est S CP(T) = mopac nov99,,,,,,,,,,,
CD/CD/H,KCAL,6.72,6.38,4.46,5.79,6.75,7.42,8.35,9.11,10.09,SMB optimisation,,,,,,,,,,,
CD/CD2,KCAL,4.6,-15.67,1.9,2.69,3.5,4.28,5.57,6.21,7.37,hf=est S CP(T) = mopac nov99,,,,,,,,,,,
CD/CN/H,KCAL,37.4,36.58,9.8,11.7,13.3,14.5,16.3,14.9,16.54,BENSON: Cp1500 = Cp1000*(Cp1500/Cp1000: CD/CD/H),,,,,,,,,,,
CD/CN2,KCAL,84.1,43,13.6,16.55,18.68,20.25,22.34,23.59,,REID PRAUSNITZ & SHERWOOD,,,,,,,,,,,
CD/CO/H,KCAL,4.32,6.38,4.46,5.79,6.75,7.42,8.35,9.11,10.09,Boz lit rev Jul 91 S Cp's    cd/cd/h,,,,,,,,,,,
CD/CO/O,KCAL,5.13,-14.6,4.4,5.37,5.93,6.18,6.5,6.62,6.72,adj bsn for radom c*coh,,,,,,,,,,,
CD/CO/OO,KCAL,10.85,-12.49,3.3,4.44,5.2,5.59,5.81,6.13,,HJC 4/27/96,,,,,,,,,,,
CD/CT/H,KCAL,6.78,8.03,4.46,5.79,6.75,7.42,8.35,9.11,10.09,,,,,,,,,,,,
CD/CT2,KCAL,6.46,-16.5,4.7,6.13,6.87,7.1,7.2,7.16,7.06,CD/CT2 = CD/C/CT + { CD/C/CT - CD/C2 },,,,,,,,,,,
CD/H/NO2,KCAL,1.74,45.8,12.86,15.19,17.01,18.47,20.65,22.13,24.21,HF MELIUS BAC/MP4 S&CP : LAY'9405,,,,,,,,,,,
CD/H/O,KCAL,8.6,8,4.2,5,5.8,6.5,7.6,8.4,9.6,Benson,,,,,,,,,,,
CD/H/O,KCAL,8.6,8,4.2,5,5.8,6.5,7.6,8.4,9.6,Zhu Chen Bozzelli J. Phys. Chem 2000,,,,,,,,,,,
CD/H/OO,KCAL,2.03,6.2,4.75,6.46,7.64,8.35,9.1,9.56,,,,,,,,,,,,,
CD/H2,KCAL,6.28,27.59,5.1,6.31,7.44,8.42,9.99,11.2,13.17,SMB optimisation,,,,,,,,,,,
CD/O/OO,KCAL,-6.79,-16.58,4.4,6.52,7.67,8.11,8.11,7.91,,HJC  4/27/96,,,,,,,,,,,
CD/O2,KCAL,-6.02,-16.26,4.09,6.28,7.48,7.93,7.96,7.79,7.77,HJC  4/27/96,,,,,,,,,,,
CD2/CT,KCAL,6.94,-16.5,4.7,6.13,6.87,7.1,7.2,7.16,7.06,CD/CD/CT = CD/C/CD + { CD/C/CT - CD/C2 },,,,,,,,,,,
CDI/H2,KCAL,6.26,27.61,5.1,6.36,7.51,8.5,10.07,11.27,13.19,Assigned Cd/h2  jwb,,,,,,,,,,,
CIS,KCAL,1,0,-1.34,-1.09,-0.81,-0.61,-0.39,-0.26,,Benson: cis all other 2-enes,,,,,,,,,,,
CIS/2BE,KCAL,1,1.2,-1.34,-1.09,-0.81,-0.61,-0.39,-0.26,,Benson: cis but-2-ene,,,,,,,,,,,
CIS/2E,KCAL,1,0,-1.34,-1.09,-0.81,-0.61,-0.39,-0.26,,Benson: cis all other 2-enes,,,,,,,,,,,
CIS/3E,KCAL,0.6,0,-1.34,-1.09,-0.81,-0.61,-0.39,-0.26,,Benson: cis all 3-enes,,,,,,,,,,,
CIS/ALK/BR,KCAL,-0.8,0,-0.97,-0.71,-0.53,-0.4,-0.24,-0.13,-0.08,RPS: AS CIS(ALKANE)(HALOGEN),,,,,,,,,,,
CIS/ALK/CL,KCAL,-0.8,0,-0.97,-0.71,-0.53,-0.4,-0.24,-0.13,-0.08,RPS: AS CIS(ALKANE)(HALOGEN),,,,,,,,,,,
CIS/ALK/HALO,KCAL,-0.8,0,-0.97,-0.71,-0.53,-0.4,-0.24,-0.13,-0.08,RPS: AS CIS(ALKANE)(HALOGEN),,,,,,,,,,,
CIS/ALK/I,KCAL,-0.8,0,-0.97,-0.71,-0.53,-0.4,-0.24,-0.13,-0.08,RPS: AS CIS(ALKANE)(HALOGEN),,,,,,,,,,,
CIS/BR/BR,KCAL,-0.3,0,-0.19,-0.04,0.03,0.04,0,-0.03,-0.08,Benson (Hf)/ RPS: AS CIS(HALOGEN)(HALOGEN),,,,,,,,,,,
CIS/CL/BR,KCAL,-0.3,0,-0.19,-0.04,0.03,0.04,0,-0.03,-0.08,Benson (Hf)/ RPS: AS CIS(HALOGEN)(HALOGEN),,,,,,,,,,,
CIS/CL/CL,KCAL,-0.4,-0.08,-0.37,-0.17,0.09,0.05,0.01,-0.01,,"Zhu Li, Ind. Eng. Chem. Res., 1998, 37, 8, 3501",,,,,,,,,,,
CIS/CL/ME,KCAL,-0.8,0,-0.97,-0.71,-0.53,-0.4,-0.24,-0.13,-0.08,RPS: AS CIS(ALKANE)(HALOGEN),,,,,,,,,,,
CIS/PH/PH,KCAL,2.39,0,0,0,0,0,0,0,,HF CIS STILBENE (COX),,,,,,,,,,,
CIS/TB1,KCAL,4,0,-1.34,-1.09,-0.81,-0.61,-0.39,-0.26,,Benson: cis tert-butyl,,,,,,,,,,,
CIS/TB2,KCAL,10,0,-1.34,-1.09,-0.81,-0.61,-0.39,-0.26,,Benson: cis di-tert-butyl,,,,,,,,,,,
CIS3,KCAL,1,-0.6,-1.34,-1.09,-0.81,-0.61,-0.35,-0.26,,Benson cis non 3 or 2 or tbutyl,,,,,,,,,,,
CL/CL/CL,KCAL,-1.39,0,0,0,0,0,0,0,,"CLPHENOLS, AB INITIO",,,,,,,,,,,
CL/CL/OH,KCAL,1.44,0,0,0,0,0,0,0,,"CLPHENOLS, AB INITIO",,,,,,,,,,,
CL/OH/CL,KCAL,3,0,0,0,0,0,0,0,,"CLPHENOLS, AB INITIO",,,,,,,,,,,
CO/C/H,KCAL,-29.34,34.45,6.72,7.71,8.77,9.9,11.45,12.63,,SMB optimisation,,,,,,,,,,,
CO/C/N,KCAL,-32.8,16.2,5.36,6.17,7.07,7.66,9.62,11.19,,,,,,,,,,,,,
CO/C/O,KCAL,-34.86,15.14,5.52,6.04,6.8,7.64,8.91,9.99,11.54,Sumathi et al. PCCP 5:3402--3417 2003.,,,,,,,,,,,
CO/C/OO,KCAL,-22.37,11.58,7.25,8.84,9.82,10.32,10.69,10.77,,HJC 4/27/96,,,,,,,,,,,
CO/C2,KCAL,-31.5,15.14,5.59,6.09,6.81,7.48,8.54,9.14,,SMB optimisation,,,,,,,,,,,
CO/CB/O,KCAL,-36.6,14.78,5.97,6.7,7.4,8.02,8.87,9.36,,RPS + S Corrected,,,,,,,,,,,
CO/CD/C,KCAL,-30.9,14.6,5.46,6.32,7.17,7.88,9,9.77,,Bsn Hf = co/cb/c S Cp's,,,,,,,,,,,
CO/CD/H,KCAL,-30.9,33.4,7.45,8.77,9.82,10.7,12.14,12.9,,Bozzelli Hf-calc scp=co/c/h-del(cd syst),,,,,,,,,,,
CO/CD/O,KCAL,-32.1,14.78,5.97,6.7,7.4,8.02,8.87,9.36,,RPS + S corrected,,,,,,,,,,,
CO/CD2,KCAL,-30.9,14.6,5.46,6.32,7.17,7.88,9,9.77,,estimate - J W Bozzelli,,,,,,,,,,,
CO/CO/C,KCAL,-29.1,14.6,5.46,6.32,7.17,7.88,9,9.77,,Boz / Hf + S Cp's Bsn,,,,,,,,,,,
CO/CO/H,KCAL,-25.3,33.4,7.45,8.77,9.82,10.7,12.14,12.9,,Bsn Hf  scp=co/c/h-del(cd/cd/h - cd/c/h),,,,,,,,,,,
CO/CO/O,KCAL,-29.3,14.61,5.46,6.32,7.17,7.88,9,9.77,,Boz / Hf + S Cp's Bsn.,,,,,,,,,,,
CO/H/N,KCAL,-29.6,34.93,7.03,7.87,8.82,9.68,11.16,12.2,,,,,,,,,,,,,
CO/H/O,KCAL,-32.16,34.93,6.84,7.67,8.81,10.06,11.97,13.32,14.99,Sumathi et al. PCCP 5:3402--3417 2003.,,,,,,,,,,,
CO/H2,KCAL,-26,52.3,8.47,9.38,10.46,11.52,13.37,14.81,,,,,,,,,,,,,
CO/N/O,KCAL,-35.1,14.61,6.1,6.71,7.4,8.02,8.87,9.36,,Assigned (co/c/o),,,,,,,,,,,
CO/N2,KCAL,-29.9,11.6,6.1,6.71,7.4,8.02,8.87,9.36,,Hf S stull Cp's (co/c/o),,,,,,,,,,,
CO/O/OO,KCAL,-18.13,14.39,7.63,8.82,9.66,10.3,10.74,10.94,,HJC 4/27/96,,,,,,,,,,,
CO/O2,KCAL,-31.45,10.78,5.97,6.7,7.4,8.02,8.87,9.36,,Boz 8/91 S CO/C/O Hf Pedley ccoc*oocc Bsn Hf -24.,,,,,,,,,,,
CT/C,KCAL,27.55,6.35,3.13,3.48,3.81,4.09,4.6,4.92,6.35,,,,,,,,,,,,
CT/CB,KCAL,24.67,6.43,2.57,3.54,3.5,4.92,5.34,5.5,5.8,STEIN and FAHR; J. PHYS. CHEM. 1985 89 17 3714.,,,,,,,,,,,
CT/CD,KCAL,28.2,6.43,2.57,3.54,3.5,4.92,5.34,5.5,5.8,STEIN and FAHR; J. PHYS. CHEM. 1985 89 17 3714.,,,,,,,,,,,
CT/CN,KCAL,63.8,35.4,10.3,11.3,12.1,12.7,13.6,14.3,15.08,BENSON: Cp1500 = Cp1000*(Cp1500/Cp1000: CB/CD),,,,,,,,,,,
CT/CT,KCAL,25.6,5.88,3.54,4.06,4.4,4.64,5,5.23,5.57,"STEIN "",
CT/CT""",KCAL,28.5,5.88,3.54,4.06,4.4,4.64,5,5.23,5.57,Kiefer  Comb Symp 1992 Sydney
CT/H,KCAL,26.93,24.7,5.28,5.99,6.49,6.87,7.47,7.96,8.85,STEIN and FAHR; J. PHYS. CHEM. 1985 89 17 3714.,,,,,,,,,,,
CT/O,KCAL,31.4,4.91,3.64,4.39,4.85,5.63,5.66,5.73,,melius / hc#coh,,,,,,,,,,,
CTB,KCAL,49.67,11.38,2.39,2.8,3.13,3.44,3.85,4.13,4.56,STEIN and FAHR; J. PHYS. CHEM. 1985 89 17 3714.,,,,,,,,,,,
CY/C*CCCCO,KCAL,1,20.09,-6.26,-6.5,-5.96,-5.14,-3.74,-2.92,,cy-cccc=co- Dorofeeva 92,,,,,,,,,,,
CY/C*CCCOC,KCAL,-4.24,19.14,-4.2,-3.64,-2.57,-1.72,-0.99,-0.33,,cy-cc=ccco- Dorofeeva 92,,,,,,,,,,,
CY/C*CCCOO,KCAL,-3.32,21.26,-4.64,-4.84,-4.28,-3.72,-3.11,-2.62,,cy-ccc=coo- Dorofeeva 92,,,,,,,,,,,
CY/C*CCOCO,KCAL,1.62,20.85,-5.53,-5.09,-4.17,-3.39,-2.75,-2.31,,cy-cc=coco- Dorofeeva 92,,,,,,,,,,,
CY/C*CCOO,KCAL,-2.46,25.53,-4.25,-4.29,-3.84,-3.46,-3.22,-2.98,,cy-cc=coo- Dorofeeva 92,,,,,,,,,,,
CY/C*CCOOC,KCAL,3.62,18.72,-5.45,-4.66,-3.81,-3.16,-2.65,-2.68,,cy-cc=ccoo- Dorofeeva 92,,,,,,,,,,,
CY/C*COC*CO,KCAL,24.02,27.37,-6.26,-7.87,-7.82,-7.11,-5.92,-4.49,-3.21,cy-c=coc=co- Dorofeeva 92,,,,,,,,,,,
CY/C*COCCO,KCAL,2.24,20.67,-6.84,-7.85,-7.78,-7.05,-5.57,-4.8,,cy-c=cocco- Dorofeeva 92,,,,,,,,,,,
CY/C*COCO,KCAL,10.34,26.27,-5.95,-6.49,-6.41,-5.97,-5.16,-4.88,,cy-coc=co- Dorofeeva 92,,,,,,,,,,,
CY/C2N,KCAL,27.5,28.99,-2.33,-2.24,-2.13,-2.01,-1.78,-1.57,-1.36,,,,,,,,,,,,
CY/C2O,KCAL,26.83,31.08,-2.08,-2.66,-2.4,-2.11,-2.05,-1.8,,cy-cco- Dorofeeva Thermochimica Aita 1992,,,,,,,,,,,
CY/C2O/E,KCAL,69.37,37.68,0.1,-1.5,-2.3,-2.64,-2.98,-2.83,-2.81,cy-c=co- Dorofeeva 92,,,,,,,,,,,
CY/C2O2,KCAL,22.99,26.93,-4.16,-4.52,-4.23,-3.83,-3.37,-3.53,,cy-ccoo- S&Cp:Dorofeeva '92; enthalpy: Lay MP4SDTQ/6-31G*,,,,,,,,,,,
CY/C2O2/E,KCAL,19.97,30.1,-3.69,-4.75,-4.71,-4.51,-4.28,-3.57,,cy-c=coo- Dorofeeva 92,,,,,,,,,,,
CY/C2O3/123,KCAL,9.6,25.79,-1.26,-2.42,-2.38,-1.99,-1.83,-2.24,,cy-ccooo- Dorofeeva 92,,,,,,,,,,,
CY/C2O3/124,KCAL,15.53,23.57,-5.65,-4.78,-3.63,-2.86,-2.64,-2.76,,cy-cocoo- Dorofeeva 92,,,,,,,,,,,
CY/C2O3/E,KCAL,-3.26,26.17,-1.76,-3.58,-3.73,-3.45,-3.26,-2.7,,cy-c=cooo- Dorofeeva 92,,,,,,,,,,,
CY/C3,KCAL,27.53,32.04,-3.13,-2.67,-2.32,-2.11,-1.92,-1.84,-1.38,J.P.C.R.D.  1521986 : DORAFEEVA: symmetry # = 6 : GROUP REVISED     4/14/89 : Ritter,,,,,,,,,,,
CY/C3/E,KCAL,53.34,33.43,-0.32,-0.62,-0.78,-0.93,-1.27,-1.52,-1.58,J.P.C.R.D.  1521986 : DORAFEEVA: symmetry # = 2 : GROUP REVISED     4/14/89 : Ritter,,,,,,,,,,,
CY/C3N,KCAL,26.2,29.3,-3.89,-3.52,-3.17,-2.73,-1.89,-1.33,-0.77,,,,,,,,,,,,
CY/C3O,KCAL,25.09,28.55,-4.08,-4.28,-3.64,-3.02,-2.45,-1.9,,cy-ccco- Dorofeeva 92,,,,,,,,,,,
CY/C3O2/12,KCAL,4.95,22.57,-4.77,-4.49,-3.79,-3.16,-2.56,-2.59,,cy-cccoo- S&Cp:Dorofeeva '92; enthalpy: Lay MP2/6-31G*,,,,,,,,,,,
CY/C3O2/13,KCAL,6.61,26.66,-5.2,-5.16,-4.03,-3.09,-2.53,-1.81,,cy-ccoco- Dorofeeva 92,,,,,,,,,,,
CY/C4,KCAL,26.51,29.88,-5.02,-4.46,-3.83,-3.31,-2.57,-2.12,-1.2,J.P.C.R.D.  1521986 : DORAFEEVA: symmetry # = 8 : GROUP REVISED     4/14/89 : Ritter,,,,,,,,,,,
CY/C4/DE,KCAL,64.9,37.3,-3.18,-4.02,-4.14,-3.86,-3.25,-3.26,-2.67,J.P.C.R.D.  1521986 : DORAFEEVA: symmetry # = 4 : GROUP REVISED     4/14/89 : Ritter,,,,,,,,,,,
CY/C4/E,KCAL,29.79,28.45,-3.05,-2.73,-2.3,-1.97,-1.64,-1.43,-1.02,J.P.C.R.D.  1521986 : DORAFEEVA: symmetry # = 2 : GROUP REVISED     4/14/89 : Ritter,,,,,,,,,,,
CY/C4N,KCAL,6.8,26.7,-6.17,-5.44,-4.8,-4.08,-2.87,-2.17,-1.47,,,,,,,,,,,,
CY/C4N/E,KCAL,11.85,27.27,-6.19,-5.97,-5.73,-4.99,-3.47,-2.73,-1.99,,,,,,,,,,,,
CY/C4O,KCAL,5.06,26.52,-5.93,-5.71,-4.67,-3.72,-2.69,-1.86,,cy-ccco- Dorofeeva 92,,,,,,,,,,,
CY/C4O/DE,KCAL,6.84,30.09,-6.08,-6.98,-6.71,-6,-4.85,-4.03,-2.95,cy-c=cc=co- Dorofeeva 92,,,,,,,,,,,
CY/C4O/E2,KCAL,8.05,26.45,-5.07,-5.5,-5.27,-4.79,-3.94,-3.48,,cy-ccc=co- Dorofeeva 92,,,,,,,,,,,
CY/C4O/E3,KCAL,2.81,25.11,-3.76,-3.07,-2.16,-1.58,-1.35,-1.04,,cy-cc=cco- Dorofeeva 92,,,,,,,,,,,
CY/C4O2/12,KCAL,6.22,18.27,-5.66,-5.11,-4.17,-3.36,-2.52,-2.4,,cy-ccccoo- Dorofeeva 92,,,,,,,,,,,
CY/C5,KCAL,5.91,22.9,-7.57,-6.51,-5.39,-4.43,-3.06,-2.22,-0.75,J.P.C.R.D.  1521986 : DORAFEEVA: symmetry # = 1 : GROUP REVISED     4/14/89 : Ritter,,,,,,,,,,,
CY/C5/DE,KCAL,4.81,27.97,-3.8,-3.75,-3.3,-2.78,-2.09,-1.94,-1.26,J.P.C.R.D.  1521986 : DORAFEEVA: symmetry # = 2 : GROUP REVISED     4/14/89 : Ritter,,,,,,,,,,,
CY/C5/E,KCAL,5.09,25.66,-4.5,-3.94,-3.29,-2.76,-2.08,-1.63,-0.85,J.P.C.R.D.  1521986 : DORAFEEVA: symmetry # = 2 : GROUP REVISED     4/14/89 : Ritter,,,,,,,,,,,
CY/C5N,KCAL,1,15.74,-5.08,-3.92,-2.93,-1.47,1.09,2.23,3.37,,,,,,,,,,,,
CY/C5N/E,KCAL,2.42,22.99,-4.49,-3.57,-2.85,-2.05,-0.83,-0.39,0.05,,,,,,,,,,,,
CY/C5O,KCAL,0.8,17.18,-6.02,-5.48,-4.18,-2.98,-1.56,-0.48,,cy-ccccco- Dorofeeva 92,,,,,,,,,,,
CY/C5O2,KCAL,5.73,14.64,-5.45,-4.4,-3.45,-2.31,-0.31,0.87,2.05,cy/c6o  assigned,,,,,,,,,,,
CY/C5O2/E,KCAL,7.91,18.51,-4.84,-4.21,-3.34,-2.65,-2.05,-2.03,,PM3 May '94,,,,,,,,,,,
CY/C6,KCAL,0,18.38,-7.64,-6.17,-4.4,-2.72,-0.2,1.11,2.48,J.P.C.R.D.  1521986 : DORAFEEVA: symmetry # = 6 : GROUP REVISED     4/14/89 : Ritter,,,,,,,,,,,
CY/C6/DE/13,KCAL,4.19,25.57,-4.82,-4.64,-4,-3.26,-2.17,-1.64,-0.62,J.P.C.R.D.  1521986 : DORAFEEVA: 1 OPTICAL ISOMER correction        included : symmetry # = 2 : REVISED 4/14/89 : Ritter,,,,,,,,,,,
CY/C6/DE/14,KCAL,0.27,21.28,-3.41,-3.19,-2.54,-1.95,-1.19,-0.76,0.16,J.P.C.R.D.  1521986 : DORAFEEVA: symmetry # = 4 : GROUP REVISED     4/14/89 : Ritter,,,,,,,,,,,
CY/C6/E,KCAL,1.1,21.21,-5.14,-4.29,-3.35,-2.54,-1.41,-0.66,0.55,J.P.C.R.D.  1521986 : DORAFEEVA: 1 OPTICAL ISOMER correction        included for S :symmetry # = 2 : REVISED 4/13/88 : Ritter,,,,,,,,,,,
CY/C6N,KCAL,6.95,16.45,-5.97,-4.36,-3.12,-1.66,0.53,1.18,1.83,,,,,,,,,,,,
CY/C6O,KCAL,5.73,14.64,-5.45,-4.4,-3.45,-2.31,-0.31,0.87,2.05,,,,,,,,,,,,
CY/C7,KCAL,6.26,17.26,-6.73,-4.86,-3.14,-1.77,0.06,1.07,2.7,J.P.C.R.D.  1521986 : DORAFEEVA: 1 OPTICAL ISOMER correction        included for S: symmetry # = 2 : revised 4/13/89 : Ritter,,,,,,,,,,,
CY/C7/DE/13,KCAL,6.22,22.28,-4.68,-4.79,-3.89,-3.09,-1.81,-1.15,0.19,J.P.C.R.D.  1521986 : DORAFEEVA: symmetry # = 1 : GROUP REVISED     4/14/89 : Ritter,,,,,,,,,,,
CY/C7/E,KCAL,4.88,15.55,-5.21,-4.17,-3.1,-2.16,-0.84,0.03,1.48,J.P.C.R.D.  1521986 : DORAFEEVA: symmetry # = 1 : GROUP REVISED     4/14/89 : Ritter,,,,,,,,,,,
CY/C7/TE,KCAL,3.68,23.92,-5.3,-5.89,-5.5,-4.68,-3.24,-2.71,-1.19,J.P.C.R.D.  1521986 : DORAFEEVA: symmetry # = 1 : GROUP REVISED     4/13/88 : Ritter,,,,,,,,,,,
CY/C7N,KCAL,10.39,14.25,-8.07,-6.72,-5.49,-4.01,-1.38,0.24,1.86,,,,,,,,,,,,
CY/C7O,KCAL,9.17,12.44,-7.54,-6.7,-5.82,-4.48,-1.82,-0.09,1.64,,,,,,,,,,,,
CY/C8,KCAL,9.71,12.31,-8.82,-7.28,-5.52,-3.9,-1.45,0.1,2.68,J.P.C.R.D.  1521986 : DORAFEEVA: symmetry # = 1 : GROUP REVISED     4/13/89 : Ritter,,,,,,,,,,,
CY/C8/DE/13,KCAL,7.88,20.13,-5.09,-4.67,-3.78,-2.79,-1.28,-0.47,1.11,J.P.C.R.D.  1521986 : DORAFEEVA: symmetry # = 2 : 1 OPTICAL         ISOMER correction included for S : revised 4/13/89 : Ritter,,,,,,,,,,,
CY/C8/DE/15,KCAL,-1.32,14.07,-3.84,-2.62,-1.32,-0.25,1.05,1.76,2.56,J.P.C.R.D.  1521986 : DORAFEEVA: symmetry # = 2 : 1 OPTICAL         ISOMER correction included for S : revised 4/13/89 : Ritter,,,,,,,,,,,
CY/C8/E,KCAL,5.61,12.1,-6.17,-4.51,-2.93,-1.65,0.04,1.06,2.64,J.P.C.R.D.  1521986 : DORAFEEVA: symmetry # = 2 : 1 OPTICAL         ISOMER correction included for S : revised 4/13/89 : Ritter,,,,,,,,,,,
CY/C8/TETE,KCAL,16.89,29.82,-6.2,-7.64,-7.53,-6.55,-4.51,-3.94,-2.02,J.P.C.R.D.  1521986 : DORAFEEVA: GROUP REVISED 4/14/89 : Ritter,,,,,,,,,,,
CY/CCCOCO,KCAL,0.95,16.64,-6.28,-5.95,-4.46,-3.15,-1.97,-0.83,,cy-cccoco- Dorofeeva 92,,,,,,,,,,,
CY/CCOCCO,KCAL,3.32,16.35,-4.6,-4.98,-3.8,-2.62,-1.54,-0.44,,cy-ccocco- Dorofeeva 92,,,,,,,,,,,
CY/CO2,KCAL,35.65,32.57,-2.77,-2.77,-2.67,-2.65,-2.98,-3.59,,cy-coo- Dorofeeva 92,,,,,,,,,,,
CY/COCOCO,KCAL,3.94,16.83,-7.01,-5.72,-3.63,-2.19,-1.53,-0.62,,cy-cococo- Dorofeeva 92,,,,,,,,,,,
CY/FURAN,KCAL,6.84,30.09,-6.08,-6.98,-6.71,-6,-4.85,-4.03,-2.95,cy-c=cc=co- Dorofeeva 92,,,,,,,,,,,
DUM2,KCAL,0,0,0,0,0,0,0,0,,Dummy,,,,,,,,,,,
GAUCHE,KCAL,0.8,0,0,0,0,0,0,0,,Benson: alkane gauche correction,,,,,,,,,,,
GAUCHE-CL,KCAL,1.3,0,0,0,0,0,0,0,,,,,,,,,,,,,
GAUCHE/A,KCAL,0.8,0,0,0,0,0,0,0,,Benson: alkane gauche correction,,,,,,,,,,,
GAUCHE/BR,KCAL,1,0,0,0,0,0,0,0,,Benson: Gauche halogen correction,,,,,,,,,,,
GAUCHE/CL,KCAL,1.3,0,0,0,0,0,0,0,,Benson: Gauche halogen correction,,,,,,,,,,,
GAUCHE/E,KCAL,0.5,0,0,0,0,0,0,0,,Benson: alkene gauche correction,,,,,,,,,,,
GAUCHE/I,KCAL,1,0,0,0,0,0,0,0,,Benson: Gauche halogen correction,,,,,,,,,,,
H/REPEL/15,KCAL,1.5,0,0,0,0,0,0,0,,"Benson 1,5 hydrogen repulsion correction",,,,,,,,,,,
H15,KCAL,1.5,0,0,0,0,0,0,0,,"Benson 1,5 hydrogen repulsion correction",,,,,,,,,,,
INT/2F/2F,KCAL,9.8,-0.45,1.61,1.21,0.77,0.48,0.09,0.01,0.06,"TAK, JPC 102, 1998",,,,,,,,,,,
INT/2F/F,KCAL,5.7,0.38,0.3,0.25,0.17,0.15,0.03,0.03,0.1,"TAK, JPC 102, 1998",,,,,,,,,,,
INT/3F/2F,KCAL,13.8,0.73,0.08,-0.15,-0.3,-0.34,-0.41,-0.34,-0.13,"TAK, JPC 102, 1998",,,,,,,,,,,
INT/3F/3F,KCAL,15.5,0.54,0.24,-0.09,-0.28,-0.34,-0.39,-0.31,-0.13,"TAK, JPC 102, 1998",,,,,,,,,,,
INT/3F/F,KCAL,7.8,0.85,-0.14,-0.2,-0.24,-0.21,-0.26,-0.21,-0.06,"TAK, JPC 102, 1998",,,,,,,,,,,
INT/CD/CL2,KCAL,3.1,-0.13,0.16,0.15,0.03,-0.15,-0.02,0.02,0.13,"Chiung/D Wong, JPC 102,24,4551, 1998",,,,,,,,,,,
INT/CD/CL3,KCAL,5.08,1.5,0.39,0.18,0.04,-0.06,0.01,0.04,0.1,"Chiung/D Wong, JPC 102,24,4551, 1998",,,,,,,,,,,
INT/CD/CL4,KCAL,8.37,2.68,0.79,0.26,0.06,0.02,0.02,0.05,0.09,"Chiung/D Wong, JPC 102,24,4551, 1998",,,,,,,,,,,
INT/CD/F2,KCAL,1.9,-7.34,-0.01,-0.1,-0.12,-0.09,-0.03,0.03,0.1,TAK98,,,,,,,,,,,
INT/CD/F3,KCAL,8.9,-3.7,0.51,0.15,-0.02,-0.07,-0.07,-0.03,0.05,TAK98,,,,,,,,,,,
INT/CD/F4,KCAL,16.1,-2.62,1.12,0.37,0.02,-0.11,-0.15,-0.1,,TAK98,,,,,,,,,,,
INT/CL2,KCAL,2.54,-1.29,0.75,0.46,0.23,0.08,-0.05,-0.05,0.02,"Chiung/D Wong, JPC 102,24,4551, 1998",,,,,,,,,,,
INT/CL3,KCAL,3.85,-1.86,0.58,0.33,0.04,-0.12,-0.24,-0.24,0.2,"Chiung/D Wong, JPC 102,24,4551, 1998",,,,,,,,,,,
INT/CL3/111,KCAL,4,0.11,-0.47,-0.14,0.15,0.3,0.46,0.21,,Yang-soo,,,,,,,,,,,
INT/CL3/112,KCAL,4,-1.5,0.03,0.21,0.52,0.4,0.52,0.61,,Yang-Soo/K chan 3/92,,,,,,,,,,,
INT/CL4,KCAL,5.1,-2.15,0.05,-0.11,-0.26,-0.24,-0.1,0.43,0.73,"Chiung/D Wong, JPC 102,24,4551, 1998",,,,,,,,,,,
INT/CL5,KCAL,10.88,-2.47,0.45,0.02,-0.31,-0.44,-0.53,0.02,0.18,"Chiung/D Wong, JPC 102,24,4551, 1998",,,,,,,,,,,
INT/CL6,KCAL,13.62,-0.87,1.06,0.44,-0.15,-0.44,-0.73,-0.17,0.47,"Chiung/D Wong, JPC 102,24,4551, 1998",,,,,,,,,,,
INT/CT/F2,KCAL,-0.5,-5.17,-0.97,-0.72,-0.48,-0.29,-0.08,-0.02,-0.03,TAK98,,,,,,,,,,,
INT/F/F,KCAL,3.1,0.92,-0.21,-0.25,-0.31,-0.3,-0.34,-0.24,0.01,"TAK, JPC 102, 1998",,,,,,,,,,,
INT/F3,KCAL,6,0,-0.08,-0.04,0.01,0.11,0.15,0.17,,"Hf jwb june 95, S Cp 112-111",,,,,,,,,,,
INT/F4,KCAL,6,-1,-0.08,-0.04,0.01,0.11,0.15,0.17,,"Hf jwb june 95, S Cp not done",,,,,,,,,,,
INT/F5,KCAL,13,0,0.13,0.03,0.08,0.16,0.5,0.21,,"Hf jwb june 95, S Cp not done",,,,,,,,,,,
INT/F6,KCAL,14.7,-0.03,0.13,0.03,0.08,0.16,0.5,0.2,,"Hf jwb june 95, S Cp not done",,,,,,,,,,,
KETENE,KCAL,-18,31.59,7.6,8.29,9.22,9.3,9.43,9.71,9.84,avg of burcat/melius/pedley = cd/h2 ketene 2/93,,,,,,,,,,,
MESO,KCAL,0,2.18,0,0,0,0,0,0,,1 correction for every 3 OPTICAL ISOMERS,,,,,,,,,,,
MET/BR/BR,KCAL,-0.2,0.66,0.03,0.27,0.33,0.21,-0.1,-0.25,0.28,"TEXAS A&M 1,3 DIBR-BENZENE",,,,,,,,,,,
MET/CL/CL,KCAL,1.23,0.17,-0.12,-0.33,-0.37,-0.45,-0.43,-0.38,0.57,": Hf,Cp500:TEXAS;S,Cps:Stull 1,3-DiCLBZ",,,,,,,,,,,
MET/CL/F,KCAL,1.16,0.18,0.02,-0.36,-0.55,-0.69,-0.8,-0.91,0.47,"1CL, 3F - BZ TEXAS, 8/03/90",,,,,,,,,,,
MET/CL/OH,KCAL,-0.04,0,0,0,0,0,0,0,,META-CHLORO PHENOL : COX,,,,,,,,,,,
MET/CL/PH,KCAL,0.56,-0.17,0.38,0.01,-0.11,-0.17,-0.21,-0.16,,"3,3'diCl-1,1'biphenyl, TEXAS",,,,,,,,,,,
MET/F/F,KCAL,1.48,-0.17,-0.22,-0.59,-0.77,-0.85,-0.93,-1.06,0.39,": 1,3diFBZ, 7/24/90",,,,,,,,,,,
MET/ME/ME,KCAL,0.32,0.13,-0.46,0.02,0.23,0.29,0.2,0.11,-0.17,TEXAS A&M;M-XYLENE;based on BSN's groups  1/31/91,,,,,,,,,,,
MET/ME/OH,KCAL,-0.33,0.15,0.76,1.02,1.05,1.12,1.15,1.19,1.39,"Hf from 3,5 diMe-phenol, Texas & Pedley et. al.",,,,,,,,,,,
N./C/CB,KCAL,42.7,6.5,3.9,4.2,4.7,5,5.6,5.8,5.9,,,,,,,,,,,,
N./C/H,KCAL,55.3,30.23,5.38,5.67,5.89,6.09,6.6,6.97,7.74,,,,,,,,,,,,
N./C2,KCAL,58.4,10.24,3.72,4.13,4.38,4.53,4.86,4.95,4.91,,,,,,,,,,,,
N./CB/H,KCAL,38,27.3,4.6,5.4,6,6.4,7.2,7.7,8.6,,,,,,,,,,,,
N/C/CO/H,KCAL,-4.4,8.66,4.2,5.21,6.13,6.83,7.9,8.65,9.55,Bsn Hf Boz c/c2/h for S Cp,,,,,,,,,,,
N/C/H/N,KCAL,20.9,9.61,4.82,5.8,6.5,7,7.8,8.3,9,,,,,,,,,,,,
N/C/H/NI,KCAL,21,9.61,4.82,5.8,6.5,7,7.8,8.3,9,Bsn Hf S Cp's n/c/h/n no adj c/c2/h2-c/cd/c/h2,,,,,,,,,,,
N/C/H2,KCAL,4.8,29.71,5.72,6.51,7.32,8.07,9.41,10.47,12.28,,,,,,,,,,,,
N/C2/H,KCAL,15.4,8.94,4.2,5.21,6.13,6.83,7.9,8.65,9.55,,,,,,,,,,,,
N/C3,KCAL,24.4,-13.46,3.48,4.56,5.43,5.97,6.56,6.67,6.5,,,,,,,,,,,,
N/CB/H2,KCAL,4.8,29.71,5.72,6.51,7.32,8.07,9.41,10.47,12.28,,,,,,,,,,,,
N/CB2/H,KCAL,16.3,8.94,4.2,5.21,6.13,6.83,7.9,8.65,9.55,Hf Bsn S and Cp's n/c2/h  jul 91,,,,,,,,,,,
N/CD/H2,KCAL,4.8,29.71,5.72,6.51,7.32,8.07,9.41,10.47,12.28,jwb assigned  n/cb/h2,,,,,,,,,,,
N/CO/H2,KCAL,-14.9,29.69,4.07,5.74,7.13,8.29,9.96,11.22,13.12,BENSON: S adj to 27.69  (error in Bsn),,,,,,,,,,,
N/H2/N,KCAL,11.4,29.13,6.1,7.38,8.43,9.27,10.54,11.52,13.19,,,,,,,,,,,,
N/H2/O,KCAL,5.9,29.71,5.72,6.51,7.32,8.07,9.41,10.47,12.28,,,,,,,,,,,,
NA/C,KCAL,35.5,8,4,4.4,4.7,4.8,5.1,5.3,5.2,,,,,,,,,,,,
NA/C,KCAL,27.65,6.35,3.13,3.48,3.81,4.09,4.6,4.92,6.35,Jwb 3/92 S Cp's Ct/C Hf Rossini J Ch Therm 1978,,,,,,,,,,,
NA/C/NA.,KCAL,74.2,36.1,7.8,8.2,8.4,8.6,8.9,9,9,,,,,,,,,,,,
NA/C/RPS,KCAL,32.5,8,2.7,4.1,4.92,5.34,5.69,5.71,6.49,RPS: Cp1500 = Cp1000*(Cp1500/Cp1000:cbc,,,,,,,,,,,
NA/H,KCAL,25.1,26.8,4.38,4.89,5.44,5.94,6.77,7.42,8.44,,,,,,,,,,,,
NI/C,KCAL,21.3,6.36,3.13,3.48,3.81,4.07,4.63,6.35,,Benson   scp  from cd/c,,,,,,,,,,,
NI/H,KCAL,14.3,12.3,2.95,4.58,6.45,7.71,9.13,9.92,,Radom et. al. ajc 1992 45 p285 rps,,,,,,,,,,,
NI/N,KCAL,27.8,6.36,3.13,3.48,3.81,4.07,4.63,6.35,,ni/n=n/n/h2-n/c/h2 + ni/c  scp from ct/c,,,,,,,,,,,
O/C/CB,KCAL,-22.6,9.7,3.4,3.7,3.7,3.8,4.4,4.6,,REID PRAUSNITZ & SHERWOOD,,,,,,,,,,,
O/C/CD,KCAL,-23.62,9.7,3.91,4.31,4.6,4.84,5.32,5.8,,Hf - Radom vin-oh S -A.Baldwin o/c/o,,,,,,,,,,,
O/C/CO,KCAL,-43.43,4.93,2.68,3.24,3.77,4.12,4.76,5.09,5.1,Sumathi et al. PCCP 5:3402--3417 2003.,,,,,,,,,,,
O/C/H,KCAL,-38.1,30.09,4.5,4.6,4.89,5.35,6.46,7.25,9.28,SMB optimisation,,,,,,,,,,,
O/C/NO,KCAL,-5.9,41.63,10.66,11.42,12.05,12.64,13.38,13.87,,LAY'9405,,,,,,,,,,,
O/C/NO2,KCAL,-20.17,46.06,12.1,14.09,15.58,16.63,17.92,18.61,20.99,cbsQ 99 jwl,,,,,,,,,,,
O/C/O,KCAL,-5.5,8.54,3.9,4.31,4.6,4.84,5.32,5.8,,lay -Boz,,,,,,,,,,,
O/C/O.,KCAL,12.6,36,7.1,7.38,7.8,8.08,8.76,9.7,9.91,"BOZZELLI/ER Hf/Gutman 8/89/ A Baldwin		",,,,,,,,,,,
O/C/ONO,KCAL,10.97,52.38,14.73,16.29,17.25,17.83,18.45,18.7,20.99,cbsQ 99 jwl,,,,,,,,,,,
O/C1/O,KCAL,-5.2,8.89,3.74,4.43,5.02,5.43,5.86,5.91,5.62,LAY'94 PM3 OF CH3OOH,,,,,,,,,,,
O/C1/O,KCAL,-4.73,9.4,3.9,4.31,4.6,4.84,5.32,5.8,,A Baldwin Hf= -4.5 coo. Benson use for ch3oo,,,,,,,,,,,
O/C2,KCAL,-23.84,8.81,3.21,2.96,2.97,3.09,3.55,3.86,4.24,HC Modified Sumathi et al. PCCP 5:3402--3417 2003. So -0.3 cal/mol-K,,,,,,,,,,,
O/CB/H,KCAL,-37.9,29.1,4.3,4.5,4.82,5.23,6.02,6.61,7.44,Bsn assigned,,,,,,,,,,,
O/CB/O,KCAL,-1.98,10.7,2.85,2.92,3.02,3.09,3.48,3.66,3.23,PCCP 5:300--307 2003.,,,,,,,,,,,
O/CD/CO,KCAL,-39.4,6.25,3.43,4.22,4.49,4.77,5.15,5.35,4.8,assume=(O/CD2 + O/CO/CO)/2 (Pitz est.),,,,,,,,,,,
O/CD/H,KCAL,-44.25,26.14,5.5,6.77,7.41,7.72,7.93,8.03,8.36,Hf fit to c2h3oh in cdat Jan09 Zhu Chen Bozzelli J. Phys. Chem 2000,,,,,,,,,,,
O/CD/NO2,KCAL,-11.69,48.51,13.22,14.43,15.45,16.4,17.98,18.99,20.99,HF S&CP: LAY'9405,,,,,,,,,,,
O/CD/O,KCAL,-11.27,8.58,3.27,3.27,3.35,3.55,3.66,4.03,4.16,PCCP 5:300--307 2003.,,,,,,,,,,,
O/CD/O,KCAL,1.64,10.12,3.5,3.87,3.95,4.15,4.73,4.89,,Westmoreland S&Cp's LAY'9405,,,,,,,,,,,
O/CD2,KCAL,-19.85,10,3.4,3.7,3.7,3.8,4.4,4.6,4.8,Bozzelli,,,,,,,,,,,
O/CO/H,KCAL,-58.1,24.5,3.8,5,5.8,6.3,7.2,7.8,,,,,,,,,,,,,
O/CO/O,KCAL,-19,9.76,3.03,4.08,4.68,4.92,5.48,5.67,,Bsn Hf LAY'9405 S&CP,,,,,,,,,,,
O/CO2,KCAL,-58.82,8.2,3.96,5.34,6.1,6.52,6.49,6.39,,Curran,,,,,,,,,,,
O/CPRI/O,KCAL,-7.03,8.89,3.9,4.31,4.6,4.84,5.32,5.8,,Boz-Hf-Gutman et-oo ca 33,,,,,,,,,,,
O/CSEC/O,KCAL,-6.03,8.14,3.9,4.31,4.6,4.84,5.32,5.8,,Boz-Hf-Gutman et-oo ca 33,,,,,,,,,,,
O/CT/H,KCAL,-37.9,29.1,4.3,4.4,4.82,5.23,6.02,6.61,7.44,Bsn assigned,,,,,,,,,,,
O/CT/O,KCAL,7,10.8,3.9,4.31,4.6,4.84,5.32,5.8,,scp's assigned o/cd/o; hf jwb plot,,,,,,,,,,,
O/CTER/O,KCAL,-6.43,7.44,3.9,4.31,4.6,4.84,5.32,5.8,,Boz-Hf-Gutman et-oo ca 33,,,,,,,,,,,
O/H/N,KCAL,-16.3,28.5,4.81,5.12,5.53,5.96,6.63,7.11,,set (o/c/h+o/h/o)/2,,,,,,,,,,,
O/H/O,KCAL,-16.3,27.83,5.21,5.72,6.17,6.66,7.15,7.61,8.43,lay 1/2* H2O2 / a-baldwin,,,,,,,,,,,
O/H2,KCAL,-57.8,45.1,8,8.4,9.2,9.9,11.2,12.3,,,,,,,,,,,,,
O/N2,KCAL,-27,8.68,3.4,3.7,3.7,3.8,4.4,4.6,,set to o/c2  Hf jwb jan 95,,,,,,,,,,,
O/NO/O,KCAL,17,43.84,10.83,11.98,12.65,12.99,13.13,12.9,12.9,jwl cbsQ 1999,,,,,,,,,,,
O/NO2/O,KCAL,6.06,46.75,13.87,15.77,17.28,18.52,19.73,20.34,,LAY'9405 PM3,,,,,,,,,,,
O/O/O.,KCAL,33.4,37,4.2,4.94,5.6,6.24,7.3,8,8.8,BOZZELLI/ RITTER (Cp400 & Cp600 FROM FIT),,,,,,,,,,,
O/O2,KCAL,9.3,9.4,2.2,3.64,4.2,4.34,4.62,4.9,,A Baldwin,,,,,,,,,,,
OI,KCAL,0,1.37,0,0,0,0,0,0,,1 correction for every 2 OPTICAL ISOMERS,,,,,,,,,,,
OO/C/H,KCAL,-20.6,38.64,9.52,11.05,11.56,12.53,13.4,14.05,,SMB optimisation !H and S changed back to Sept 2012 values by JB 15/09/2014 !0.46 added to H by JB 17/09/2014,,,,,,,,,,,
OO/C2,KCAL,-10.2,17.13,8.74,9.97,9.43,9.73,10.31,10.14,,HC Modified Sumathi et al. PCCP 5:3402--3417 2003.,,,,,,,,,,,
OO/C2,KCAL,-9.7,15.9,7.53,8.93,10.1,10.88,11.66,11.7,,,,,,,,,,,,,
OO/CD/H,KCAL,-15.89,37.31,8.55,9.19,9.94,10.73,12.07,12.91,,,,,,,,,,,,,
OO/CO/H,KCAL,-43.7,37.31,8.55,9.19,9.94,10.73,12.07,12.91,,HJC 4/27/96 assigned,,,,,,,,,,,
ORT/ALK/BR,KCAL,0.6,0,0.42,0.36,0.28,0.21,0.12,0.14,0.16,RPS: AS ORTHO(ALKANE)(HALOGEN),,,,,,,,,,,
ORT/ALK/CL,KCAL,0.6,0,0.42,0.36,0.28,0.21,0.12,0.14,0.16,RPS: AS ORTHO(ALKANE)(HALOGEN),,,,,,,,,,,
ORT/ALK/HALO,KCAL,0.6,0,0.42,0.36,0.28,0.21,0.12,0.14,0.16,RPS: AS ORTHO(ALKANE)(HALOGEN),,,,,,,,,,,
ORT/ALK/I,KCAL,0.6,0,0.42,0.36,0.28,0.21,0.12,0.14,0.16,RPS: AS ORTHO(ALKANE)(HALOGEN),,,,,,,,,,,
ORT/BR/BR,KCAL,1.4,-0.55,-0.01,0.29,0.38,0.27,-0.06,-0.23,0.31,"TEXAS A&M 1,2 DIBR-BENZENE",,,,,,,,,,,
ORT/CL/CL,KCAL,2.28,-0.31,-0.2,-0.39,-0.47,-0.48,-0.44,-0.38,0.57,"7/20/90 : Hf,Cp500:TEXAS;S,Cps:Stull 1,2-DiCLBZ",,,,,,,,,,,
ORT/CL/F,KCAL,2.98,0.03,-0.09,-0.5,-0.69,-0.81,-0.87,-0.96,0.46,"1CL,2F- BZ, TEXAS, 8/03/90",,,,,,,,,,,
ORT/CL/ME,KCAL,0.6,0,0.42,0.36,0.28,0.21,0.12,0.14,0.16,RPS: AS ORTHO(ALKANE)(HALOGEN),,,,,,,,,,,
ORT/CL/OH,KCAL,-1.14,0,0,0,0,0,0,0,,"1,4 DIHYDROXY-2-CHLOROBENZENE : COX",,,,,,,,,,,
ORT/CL/OH/CL,KCAL,3,0,0,0,0,0,0,0,,"1,4 DIHYDROXY 2,6 DICHLOROBENZENE : COX",,,,,,,,,,,
ORT/CL/PH,KCAL,1.2,-2.52,0.29,0.07,0.17,0.25,0.39,0.56,,"2,2'diCl-1,1'biphenyl,TEXAS",,,,,,,,,,,
ORT/F/F,KCAL,5.13,0.2,-0.16,-0.53,-0.67,-0.66,-0.48,-0.28,0.39,"Hf,Cp15000:TEXAS;S,Cps:STULL: 1,2DiFBZ, 7/24/90",,,,,,,,,,,
ORT/ME/ME,KCAL,0.74,-1.05,1.11,1.02,0.83,0.67,0.4,0.29,0.05,TEXAS A&M;O-XYLENE; based on BSN's groups 1/31/91,,,,,,,,,,,
ORT/ME/OH,KCAL,-0.44,-0.09,1.15,1.23,1.16,1.17,1.14,1.17,1.59,"Hf from O-CRESOL, Texas, Stull, & Pedley et. al.",,,,,,,,,,,
ORT/PH/PH,KCAL,2.39,-1.05,1.82,0.7,-0.09,-0.67,-1.52,-2.13,0.15,HF FROM CIS-STILBENE (COX);  ENTROPY & CP FROM O-XYLENE (STULL),,,,,,,,,,,
ORTHO,KCAL,0.57,-1.61,1.12,1.3,1.3,1.19,0.88,0.66,-0.05,BENSON,,,,,,,,,,,
PAR/BR/BR,KCAL,-0.2,0.32,0.11,0.38,0.45,0.32,-0.02,-0.2,0.33,"TEXAS A&M 1,4 DIBR-BENZENE",,,,,,,,,,,
PAR/CL/CL,KCAL,0.43,-0.08,-0.1,-0.29,-0.38,-0.38,-0.37,-0.38,0.6,": Hf,Cp500:TEXAS;S,Cps:Stull 1,4-DiCLBZ",,,,,,,,,,,
PAR/CL/F,KCAL,1.16,0.29,0.04,-0.37,-0.57,-0.71,-0.79,-0.9,0.49,"1CL, 4F - BZ TEXAS, 8/03/90",,,,,,,,,,,
PAR/CL/OH,KCAL,0.03,0,0,0,0,0,0,0,,PARA-CHLORO PHENOL : COX,,,,,,,,,,,
PAR/CL/PH,KCAL,0.4,-0.81,0.38,0.01,-0.11,-0.17,-0.21,-0.16,,"4,4'diCl-1,1'biphenyl, TEXAS",,,,,,,,,,,
PAR/F/F,KCAL,2.09,0.06,-0.06,-0.46,-0.68,-0.8,-0.92,-1.01,0.37,": 1,4diFBZ, 7/24/90",,,,,,,,,,,
PAR/F/ME,KCAL,0.33,0.1,-0.05,-0.36,-0.53,-0.63,-0.78,-0.9,0.92,: P-FLUORO-TOLUENE : 10/2/88,,,,,,,,,,,
PAR/ME/ME,KCAL,0.49,0.25,-0.38,0.3,0.59,0.66,0.53,0.37,-0.02,TEXAS A&M;P-XYLENE; based on BSN's groups 1/31/91,,,,,,,,,,,
PAR/ME/OH,KCAL,0.33,-0.35,0.02,0.46,0.43,0.44,0.29,0.24,1.33,"Hf form P-CRESOL, Texas, Stull & Pedley et. al.",,,,,,,,,,,
STONE,KCAL,-2.5,0,0,0,0,0,0,0,,"FOR TEST, 120815",,,,,,,,,,,
TRANS/PH/PH,KCAL,-1.49,0,0,0,0,0,0,0,,HF TRANS STILBENE (COX),,,,,,,,,,,
Z/CL/CD3,KCAL,18.01,0.65,0.24,-0.76,-0.6,-0.47,-0.51,-0.4,,,,,,,,,,,,,
